"time","speed_out_rads","Te_Nm","speed_tgt_rads","SIM_STEP","PI_Controller.Ki.GainVal","PI_Controller.Kp.GainVal"
0,0,0,0,0.01,100,10
0.01,0,0,0,0.01,100,10
0.02,0,0,0,0.01,100,10
0.03,0,0,0,0.01,100,10
0.04,0,0,0,0.01,100,10
0.05,0,0,0,0.01,100,10
0.06,0,0,0,0.01,100,10
0.07,0,0,0,0.01,100,10
0.08,0,0,0,0.01,100,10
0.09,0,0,0,0.01,100,10
0.1,0,0,0,0.01,100,10
0.11,0,0,0,0.01,100,10
0.12,1.87538,142.331,100,0.01,100,10
0.13,4.09932,142.13,100,0.01,100,10
0.14,6.29525,141.932,100,0.01,100,10
0.15,8.46356,141.736,100,0.01,100,10
0.16,10.6047,141.543,100,0.01,100,10
0.17,12.719,141.352,100,0.01,100,10
0.18,14.8068,141.164,100,0.01,100,10
0.19,16.8686,140.978,100,0.01,100,10
0.2,18.9046,140.794,100,0.01,100,10
0.21,20.9152,140.612,100,0.01,100,10
0.22,22.9007,140.433,100,0.01,100,10
0.23,24.8615,140.256,100,0.01,100,10
0.24,26.7978,140.081,100,0.01,100,10
0.25,28.71,139.909,100,0.01,100,10
0.26,30.5983,139.739,100,0.01,100,10
0.27,32.4631,139.57,100,0.01,100,10
0.28,34.3046,139.404,100,0.01,100,10
0.29,36.1232,139.24,100,0.01,100,10
0.3,37.9191,139.078,100,0.01,100,10
0.31,39.6926,138.918,100,0.01,100,10
0.32,41.4441,138.76,100,0.01,100,10
0.33,43.1737,138.604,100,0.01,100,10
0.34,44.8817,138.449,100,0.01,100,10
0.35,46.5684,138.297,100,0.01,100,10
0.36,48.2341,138.147,100,0.01,100,10
0.37,49.8791,137.998,100,0.01,100,10
0.38,51.5035,137.852,100,0.01,100,10
0.39,53.1077,137.707,100,0.01,100,10
0.4,54.6919,137.564,100,0.01,100,10
0.41,56.2564,137.423,100,0.01,100,10
0.42,57.8013,137.283,100,0.01,100,10
0.43,59.327,137.146,100,0.01,100,10
0.44,60.8337,137.01,100,0.01,100,10
0.45,62.3216,136.875,100,0.01,100,10
0.46,63.7909,136.743,100,0.01,100,10
0.47,65.2419,136.612,100,0.01,100,10
0.48,66.6749,136.483,100,0.01,100,10
0.49,68.0899,136.355,100,0.01,100,10
0.5,69.4874,136.229,100,0.01,100,10
0.51,70.8674,136.104,100,0.01,100,10
0.52,72.2302,135.981,100,0.01,100,10
0.53,73.576,135.86,100,0.01,100,10
0.54,74.9051,135.74,100,0.01,100,10
0.55,76.2176,135.621,100,0.01,100,10
0.56,77.5137,135.504,100,0.01,100,10
0.57,78.7937,135.389,100,0.01,100,10
0.58,80.0577,135.275,100,0.01,100,10
0.59,81.3059,135.162,100,0.01,100,10
0.6,82.5386,135.051,100,0.01,100,10
0.61,83.756,134.941,100,0.01,100,10
0.62,84.9581,134.833,100,0.01,100,10
0.63,86.1453,134.725,100,0.01,100,10
0.64,87.3177,134.62,100,0.01,100,10
0.65,88.4754,134.515,100,0.01,100,10
0.66,89.6188,134.412,100,0.01,100,10
0.67,90.7478,134.31,100,0.01,100,10
0.68,91.8628,134.209,100,0.01,100,10
0.69,92.9639,134.11,100,0.01,100,10
0.7,94.0513,134.012,100,0.01,100,10
0.71,95.1251,133.915,100,0.01,100,10
0.72,96.1856,133.819,100,0.01,100,10
0.73,97.2328,133.725,100,0.01,100,10
0.74,98.2669,133.631,100,0.01,100,10
0.75,99.2882,133.539,100,0.01,100,10
0.76,100.297,133.448,100,0.01,100,10
0.77,101.293,133.358,100,0.01,100,10
0.78,102.276,133.27,100,0.01,100,10
0.79,103.248,133.182,100,0.01,100,10
0.8,104.204,132.04,100,0.01,100,10
0.81,105.036,119.657,100,0.01,100,10
0.82,105.672,108.452,100,0.01,100,10
0.83,106.134,98.4029,100,0.01,100,10
0.84,106.441,89.4746,100,0.01,100,10
0.85,106.612,81.6226,100,0.01,100,10
0.86,106.666,74.7938,100,0.01,100,10
0.87,106.618,68.9288,100,0.01,100,10
0.88,106.486,63.9639,100,0.01,100,10
0.89,106.284,59.8325,100,0.01,100,10
0.9,106.025,56.4663,100,0.01,100,10
0.91,105.721,53.7968,100,0.01,100,10
0.92,105.384,51.7562,100,0.01,100,10
0.93,105.022,50.2779,100,0.01,100,10
0.94,104.646,49.2978,100,0.01,100,10
0.95,104.261,48.7545,100,0.01,100,10
0.96,103.875,48.5896,100,0.01,100,10
0.97,103.494,48.7485,100,0.01,100,10
0.98,103.121,49.1801,100,0.01,100,10
0.99,102.761,49.8373,100,0.01,100,10
1,102.418,50.6771,100,0.01,100,10
1.01,102.092,51.6601,100,0.01,100,10
1.02,101.786,52.7513,100,0.01,100,10
1.03,101.502,53.9191,100,0.01,100,10
1.04,101.239,55.1357,100,0.01,100,10
1.05,100.999,56.3769,100,0.01,100,10
1.06,100.781,57.6218,100,0.01,100,10
1.07,100.586,58.8524,100,0.01,100,10
1.08,100.411,60.0539,100,0.01,100,10
1.09,100.257,61.2139,100,0.01,100,10
1.1,100.123,62.3225,100,0.01,100,10
1.11,100.007,63.3722,100,0.01,100,10
1.12,99.9088,64.3572,100,0.01,100,10
1.13,99.8265,65.2735,100,0.01,100,10
1.14,99.759,66.1188,100,0.01,100,10
1.15,99.705,66.892,100,0.01,100,10
1.16,99.6633,67.5933,100,0.01,100,10
1.17,99.6325,68.2238,100,0.01,100,10
1.18,99.6115,68.7853,100,0.01,100,10
1.19,99.599,69.2804,100,0.01,100,10
1.2,99.594,69.7124,100,0.01,100,10
1.21,99.5954,70.0846,100,0.01,100,10
1.22,99.6022,70.4009,100,0.01,100,10
1.23,99.6135,70.6654,100,0.01,100,10
1.24,99.6284,70.8822,100,0.01,100,10
1.25,99.6463,71.0554,100,0.01,100,10
1.26,99.6664,71.1893,100,0.01,100,10
1.27,99.6881,71.2879,100,0.01,100,10
1.28,99.7109,71.3551,100,0.01,100,10
1.29,99.7342,71.3947,100,0.01,100,10
1.3,99.7578,71.4104,100,0.01,100,10
1.31,99.7811,71.4055,100,0.01,100,10
1.32,99.804,71.3832,100,0.01,100,10
1.33,99.8261,71.3464,100,0.01,100,10
1.34,99.8474,71.2978,100,0.01,100,10
1.35,99.8675,71.24,100,0.01,100,10
1.36,99.8865,71.175,100,0.01,100,10
1.37,99.9041,71.1048,100,0.01,100,10
1.38,99.9205,71.0313,100,0.01,100,10
1.39,99.9355,70.9559,100,0.01,100,10
1.4,99.9491,70.88,100,0.01,100,10
1.41,99.9614,70.8047,100,0.01,100,10
1.42,99.9723,70.7309,100,0.01,100,10
1.43,99.982,70.6595,100,0.01,100,10
1.44,99.9905,70.5911,100,0.01,100,10
1.45,99.9978,70.5262,100,0.01,100,10
1.46,100.004,70.4651,100,0.01,100,10
1.47,100.009,70.4081,100,0.01,100,10
1.48,100.014,70.3555,100,0.01,100,10
1.49,100.017,70.3072,100,0.01,100,10
1.5,100.02,70.2634,100,0.01,100,10
1.51,100.022,70.2238,100,0.01,100,10
1.52,100.023,70.1886,100,0.01,100,10
1.53,100.024,70.1574,100,0.01,100,10
1.54,100.025,70.1301,100,0.01,100,10
1.55,100.025,70.1065,100,0.01,100,10
1.56,100.024,70.0863,100,0.01,100,10
1.57,100.024,70.0694,100,0.01,100,10
1.58,100.023,70.0555,100,0.01,100,10
1.59,100.022,70.0443,100,0.01,100,10
1.6,100.021,70.0355,100,0.01,100,10
1.61,100.019,70.029,100,0.01,100,10
1.62,100.018,70.0244,100,0.01,100,10
1.63,100.017,70.0216,100,0.01,100,10
1.64,100.015,70.0203,100,0.01,100,10
1.65,100.014,70.0203,100,0.01,100,10
1.66,100.012,70.0214,100,0.01,100,10
1.67,100.011,70.0234,100,0.01,100,10
1.68,100.01,70.0262,100,0.01,100,10
1.69,100.008,70.0296,100,0.01,100,10
1.7,100.007,70.0334,100,0.01,100,10
1.71,100.006,70.0376,100,0.01,100,10
1.72,100.005,70.0421,100,0.01,100,10
1.73,100.004,70.0466,100,0.01,100,10
1.74,100.003,70.0513,100,0.01,100,10
1.75,100.003,70.0559,100,0.01,100,10
1.76,100.002,70.0604,100,0.01,100,10
1.77,100.001,70.0648,100,0.01,100,10
1.78,100.001,70.069,100,0.01,100,10
1.79,100,70.073,100,0.01,100,10
1.8,99.9998,70.0768,100,0.01,100,10
1.81,99.9995,70.0804,100,0.01,100,10
1.82,99.9992,70.0836,100,0.01,100,10
1.83,99.999,70.0866,100,0.01,100,10
1.84,99.9988,70.0894,100,0.01,100,10
1.85,99.9987,70.0919,100,0.01,100,10
1.86,99.9986,70.0941,100,0.01,100,10
1.87,99.9985,70.096,100,0.01,100,10
1.88,99.9985,70.0978,100,0.01,100,10
1.89,99.9985,70.0993,100,0.01,100,10
1.9,99.9985,70.1005,100,0.01,100,10
1.91,99.9985,70.1016,100,0.01,100,10
1.92,99.9986,70.1025,100,0.01,100,10
1.93,99.9987,70.1032,100,0.01,100,10
1.94,99.9987,70.1038,100,0.01,100,10
1.95,99.9988,70.1042,100,0.01,100,10
1.96,99.9989,70.1045,100,0.01,100,10
1.97,99.999,70.1047,100,0.01,100,10
1.98,99.9991,70.1048,100,0.01,100,10
1.99,99.9991,70.1049,100,0.01,100,10
2,99.9992,70.1048,100,0.01,100,10
2.01,99.9993,70.1047,100,0.01,100,10
2.02,99.9994,70.1045,100,0.01,100,10
2.03,99.9995,70.1043,100,0.01,100,10
2.04,99.9995,70.1041,100,0.01,100,10
2.05,99.9996,70.1039,100,0.01,100,10
2.06,99.9997,70.1036,100,0.01,100,10
2.07,99.9997,70.1033,100,0.01,100,10
2.08,99.9998,70.103,100,0.01,100,10
2.09,99.9998,70.1028,100,0.01,100,10
2.1,99.9999,70.1025,100,0.01,100,10
2.11,99.9999,70.1022,100,0.01,100,10
2.12,99.9999,70.102,100,0.01,100,10
2.13,100,70.1017,100,0.01,100,10
2.14,100,70.1015,100,0.01,100,10
2.15,100,70.1013,100,0.01,100,10
2.16,100,70.101,100,0.01,100,10
2.17,100,70.1009,100,0.01,100,10
2.18,100,70.1007,100,0.01,100,10
2.19,100,70.1005,100,0.01,100,10
2.2,100,70.1004,100,0.01,100,10
2.21,100,70.1003,100,0.01,100,10
2.22,100,70.1002,100,0.01,100,10
2.23,100,70.1001,100,0.01,100,10
2.24,100,70.1,100,0.01,100,10
2.25,100,70.0999,100,0.01,100,10
2.26,100,70.0999,100,0.01,100,10
2.27,100,70.0998,100,0.01,100,10
2.28,100,70.0998,100,0.01,100,10
2.29,100,70.0997,100,0.01,100,10
2.3,100,70.0997,100,0.01,100,10
2.31,100,70.0997,100,0.01,100,10
2.32,100,70.0997,100,0.01,100,10
2.33,100,70.0997,100,0.01,100,10
2.34,100,70.0997,100,0.01,100,10
2.35,100,70.0997,100,0.01,100,10
2.36,100,70.0997,100,0.01,100,10
2.37,100,70.0997,100,0.01,100,10
2.38,100,70.0997,100,0.01,100,10
2.39,100,70.0998,100,0.01,100,10
2.4,100,70.0998,100,0.01,100,10
2.41,100,70.0998,100,0.01,100,10
2.42,100,70.0998,100,0.01,100,10
2.43,100,70.0998,100,0.01,100,10
2.44,100,70.0998,100,0.01,100,10
2.45,100,70.0999,100,0.01,100,10
2.46,100,70.0999,100,0.01,100,10
2.47,100,70.0999,100,0.01,100,10
2.48,100,70.0999,100,0.01,100,10
2.49,100,70.0999,100,0.01,100,10
2.5,100,70.0999,100,0.01,100,10
2.51,100,70.0999,100,0.01,100,10
2.52,100,70.1,100,0.01,100,10
2.53,100,70.1,100,0.01,100,10
2.54,100,70.1,100,0.01,100,10
2.55,100,70.1,100,0.01,100,10
2.56,100,70.1,100,0.01,100,10
2.57,100,70.1,100,0.01,100,10
2.58,100,70.1,100,0.01,100,10
2.59,100,70.1,100,0.01,100,10
2.6,100,70.1,100,0.01,100,10
2.61,100,70.1,100,0.01,100,10
2.62,100,70.1,100,0.01,100,10
2.63,100,70.1,100,0.01,100,10
2.64,100,70.1,100,0.01,100,10
2.65,100,70.1,100,0.01,100,10
2.66,100,70.1,100,0.01,100,10
2.67,100,70.1,100,0.01,100,10
2.68,100,70.1,100,0.01,100,10
2.69,100,70.1,100,0.01,100,10
2.7,100,70.1,100,0.01,100,10
2.71,100,70.1,100,0.01,100,10
2.72,100,70.1,100,0.01,100,10
2.73,100,70.1,100,0.01,100,10
2.74,100,70.1,100,0.01,100,10
2.75,100,70.1,100,0.01,100,10
2.76,100,70.1,100,0.01,100,10
2.77,100,70.1,100,0.01,100,10
2.78,100,70.1,100,0.01,100,10
2.79,100,70.1,100,0.01,100,10
2.8,100,70.1,100,0.01,100,10
2.81,100,70.1,100,0.01,100,10
2.82,100,70.1,100,0.01,100,10
2.83,100,70.1,100,0.01,100,10
2.84,100,70.1,100,0.01,100,10
2.85,100,70.1,100,0.01,100,10
2.86,100,70.1,100,0.01,100,10
2.87,100,70.1,100,0.01,100,10
2.88,100,70.1,100,0.01,100,10
2.89,100,70.1,100,0.01,100,10
2.9,100,70.1,100,0.01,100,10
2.91,100,70.1,100,0.01,100,10
2.92,100,70.1,100,0.01,100,10
2.93,100,70.1,100,0.01,100,10
2.94,100,70.1,100,0.01,100,10
2.95,100,70.1,100,0.01,100,10
2.96,100,70.1,100,0.01,100,10
2.97,100,70.1,100,0.01,100,10
2.98,100,70.1,100,0.01,100,10
2.99,100,70.1,100,0.01,100,10
3,100,70.1,100,0.01,100,10
3.01,100,70.1,100,0.01,100,10
3.02,100,70.1,100,0.01,100,10
3.03,100,70.1,100,0.01,100,10
3.04,100,70.1,100,0.01,100,10
3.05,100,70.1,100,0.01,100,10
3.06,100,70.1,100,0.01,100,10
3.07,100,70.1,100,0.01,100,10
3.08,100,70.1,100,0.01,100,10
3.09,100,70.1,100,0.01,100,10
3.1,100,70.1,100,0.01,100,10
3.11,100,70.1,100,0.01,100,10
3.12,100,70.1,100,0.01,100,10
3.13,100,70.1,100,0.01,100,10
3.14,100,70.1,100,0.01,100,10
3.15,100,70.1,100,0.01,100,10
3.16,100,70.1,100,0.01,100,10
3.17,100,70.1,100,0.01,100,10
3.18,100,70.1,100,0.01,100,10
3.19,100,70.1,100,0.01,100,10
3.2,100,70.1,100,0.01,100,10
3.21,100,70.1,100,0.01,100,10
3.22,100,70.1,100,0.01,100,10
3.23,100,70.1,100,0.01,100,10
3.24,100,70.1,100,0.01,100,10
3.25,100,70.1,100,0.01,100,10
3.26,100,70.1,100,0.01,100,10
3.27,100,70.1,100,0.01,100,10
3.28,100,70.1,100,0.01,100,10
3.29,100,70.1,100,0.01,100,10
3.3,100,70.1,100,0.01,100,10
3.31,100,70.1,100,0.01,100,10
3.32,100,70.1,100,0.01,100,10
3.33,100,70.1,100,0.01,100,10
3.34,100,70.1,100,0.01,100,10
3.35,100,70.1,100,0.01,100,10
3.36,100,70.1,100,0.01,100,10
3.37,100,70.1,100,0.01,100,10
3.38,100,70.1,100,0.01,100,10
3.39,100,70.1,100,0.01,100,10
3.4,100,70.1,100,0.01,100,10
3.41,100,70.1,100,0.01,100,10
3.42,100,70.1,100,0.01,100,10
3.43,100,70.1,100,0.01,100,10
3.44,100,70.1,100,0.01,100,10
3.45,100,70.1,100,0.01,100,10
3.46,100,70.1,100,0.01,100,10
3.47,100,70.1,100,0.01,100,10
3.48,100,70.1,100,0.01,100,10
3.49,100,70.1,100,0.01,100,10
3.5,100,70.1,100,0.01,100,10
3.51,100,70.1,100,0.01,100,10
3.52,100,70.1,100,0.01,100,10
3.53,100,70.1,100,0.01,100,10
3.54,100,70.1,100,0.01,100,10
3.55,100,70.1,100,0.01,100,10
3.56,100,70.1,100,0.01,100,10
3.57,100,70.1,100,0.01,100,10
3.58,100,70.1,100,0.01,100,10
3.59,100,70.1,100,0.01,100,10
3.6,100,70.1,100,0.01,100,10
3.61,100,70.1,100,0.01,100,10
3.62,100,70.1,100,0.01,100,10
3.63,100,70.1,100,0.01,100,10
3.64,100,70.1,100,0.01,100,10
3.65,100,70.1,100,0.01,100,10
3.66,100,70.1,100,0.01,100,10
3.67,100,70.1,100,0.01,100,10
3.68,100,70.1,100,0.01,100,10
3.69,100,70.1,100,0.01,100,10
3.7,100,70.1,100,0.01,100,10
3.71,100,70.1,100,0.01,100,10
3.72,100,70.1,100,0.01,100,10
3.73,100,70.1,100,0.01,100,10
3.74,100,70.1,100,0.01,100,10
3.75,100,70.1,100,0.01,100,10
3.76,100,70.1,100,0.01,100,10
3.77,100,70.1,100,0.01,100,10
3.78,100,70.1,100,0.01,100,10
3.79,100,70.1,100,0.01,100,10
3.8,100,70.1,100,0.01,100,10
3.81,100,70.1,100,0.01,100,10
3.82,100,70.1,100,0.01,100,10
3.83,100,70.1,100,0.01,100,10
3.84,100,70.1,100,0.01,100,10
3.85,100,70.1,100,0.01,100,10
3.86,100,70.1,100,0.01,100,10
3.87,100,70.1,100,0.01,100,10
3.88,100,70.1,100,0.01,100,10
3.89,100,70.1,100,0.01,100,10
3.9,100,70.1,100,0.01,100,10
3.91,100,70.1,100,0.01,100,10
3.92,100,70.1,100,0.01,100,10
3.93,100,70.1,100,0.01,100,10
3.94,100,70.1,100,0.01,100,10
3.95,100,70.1,100,0.01,100,10
3.96,100,70.1,100,0.01,100,10
3.97,100,70.1,100,0.01,100,10
3.98,100,70.1,100,0.01,100,10
3.99,100,70.1,100,0.01,100,10
4,100,70.1,100,0.01,100,10
4.01,100,70.1,100,0.01,100,10
4.02,97.5516,-111.313,80,0.01,100,10
4.03,94.8014,-100.289,80,0.01,100,10
4.04,92.2599,-88.7529,80,0.01,100,10
4.05,89.9311,-76.9427,80,0.01,100,10
4.06,87.8152,-65.0636,80,0.01,100,10
4.07,85.9096,-53.2911,80,0.01,100,10
4.08,84.209,-41.7727,80,0.01,100,10
4.09,82.7063,-30.6301,80,0.01,100,10
4.1,81.3923,-19.9616,80,0.01,100,10
4.11,80.2571,-9.84393,80,0.01,100,10
4.12,79.2893,-0.334645,80,0.01,100,10
4.13,78.4773,8.52578,80,0.01,100,10
4.14,77.8088,16.712,80,0.01,100,10
4.15,77.2714,24.2119,80,0.01,100,10
4.16,76.853,31.0247,80,0.01,100,10
4.17,76.5413,37.1592,80,0.01,100,10
4.18,76.3247,42.6325,80,0.01,100,10
4.19,76.1918,47.4681,80,0.01,100,10
4.2,76.1318,51.6949,80,0.01,100,10
4.21,76.1346,55.346,80,0.01,100,10
4.22,76.1907,58.4574,80,0.01,100,10
4.23,76.2913,61.0671,80,0.01,100,10
4.24,76.4282,63.2145,80,0.01,100,10
4.25,76.5942,64.9395,80,0.01,100,10
4.26,76.7824,66.2817,80,0.01,100,10
4.27,76.987,67.2802,80,0.01,100,10
4.28,77.2027,67.9728,80,0.01,100,10
4.29,77.4247,68.3962,80,0.01,100,10
4.3,77.649,68.5848,80,0.01,100,10
4.31,77.8722,68.5716,80,0.01,100,10
4.32,78.0913,68.387,80,0.01,100,10
4.33,78.3039,68.0596,80,0.01,100,10
4.34,78.5081,67.6153,80,0.01,100,10
4.35,78.7022,67.078,80,0.01,100,10
4.36,78.8851,66.4691,80,0.01,100,10
4.37,79.0559,65.8078,80,0.01,100,10
4.38,79.2141,65.1114,80,0.01,100,10
4.39,79.3594,64.3947,80,0.01,100,10
4.4,79.4917,63.6707,80,0.01,100,10
4.41,79.6111,62.9506,80,0.01,100,10
4.42,79.7179,62.2439,80,0.01,100,10
4.43,79.8126,61.5583,80,0.01,100,10
4.44,79.8956,60.9001,80,0.01,100,10
4.45,79.9675,60.2745,80,0.01,100,10
4.46,80.029,59.6851,80,0.01,100,10
4.47,80.0809,59.1348,80,0.01,100,10
4.48,80.1238,58.6252,80,0.01,100,10
4.49,80.1586,58.1573,80,0.01,100,10
4.5,80.1859,57.7313,80,0.01,100,10
4.51,80.2065,57.3468,80,0.01,100,10
4.52,80.2211,57.003,80,0.01,100,10
4.53,80.2304,56.6984,80,0.01,100,10
4.54,80.2352,56.4315,80,0.01,100,10
4.55,80.2359,56.2001,80,0.01,100,10
4.56,80.2333,56.0022,80,0.01,100,10
4.57,80.2278,55.8355,80,0.01,100,10
4.58,80.22,55.6976,80,0.01,100,10
4.59,80.2103,55.5861,80,0.01,100,10
4.6,80.1992,55.4985,80,0.01,100,10
4.61,80.1869,55.4325,80,0.01,100,10
4.62,80.1739,55.3857,80,0.01,100,10
4.63,80.1605,55.3558,80,0.01,100,10
4.64,80.1468,55.3408,80,0.01,100,10
4.65,80.1332,55.3387,80,0.01,100,10
4.66,80.1197,55.3474,80,0.01,100,10
4.67,80.1067,55.3652,80,0.01,100,10
4.68,80.0941,55.3906,80,0.01,100,10
4.69,80.0821,55.422,80,0.01,100,10
4.7,80.0708,55.4581,80,0.01,100,10
4.71,80.0601,55.4977,80,0.01,100,10
4.72,80.0503,55.5397,80,0.01,100,10
4.73,80.0412,55.5832,80,0.01,100,10
4.74,80.033,55.6272,80,0.01,100,10
4.75,80.0255,55.6712,80,0.01,100,10
4.76,80.0188,55.7146,80,0.01,100,10
4.77,80.0128,55.7567,80,0.01,100,10
4.78,80.0076,55.7973,80,0.01,100,10
4.79,80.003,55.836,80,0.01,100,10
4.8,79.9991,55.8725,80,0.01,100,10
4.81,79.9958,55.9066,80,0.01,100,10
4.82,79.9931,55.9383,80,0.01,100,10
4.83,79.9908,55.9675,80,0.01,100,10
4.84,79.9891,55.9941,80,0.01,100,10
4.85,79.9877,56.0182,80,0.01,100,10
4.86,79.9867,56.0398,80,0.01,100,10
4.87,79.9861,56.059,80,0.01,100,10
4.88,79.9857,56.0758,80,0.01,100,10
4.89,79.9856,56.0905,80,0.01,100,10
4.9,79.9857,56.103,80,0.01,100,10
4.91,79.986,56.1137,80,0.01,100,10
4.92,79.9865,56.1225,80,0.01,100,10
4.93,79.987,56.1297,80,0.01,100,10
4.94,79.9877,56.1354,80,0.01,100,10
4.95,79.9884,56.1398,80,0.01,100,10
4.96,79.9892,56.1429,80,0.01,100,10
4.97,79.99,56.145,80,0.01,100,10
4.98,79.9908,56.1461,80,0.01,100,10
4.99,79.9917,56.1464,80,0.01,100,10
5,79.9925,56.1461,80,0.01,100,10
